{"feature_names": ["open_price", "high_price", "low_price", "close_price", "close_volume", "MA_10", "MA_50", "hourly_return"], "data_min": [95.73, 105.74, 84.23, 95.73, 18.324, 108.52799999999999, 113.93099999999998, -0.21695197337137417], "data_max": [4852.0, 4877.54, 4838.94, 4852.08, 2566330.125, 4807.442, 4775.6410000000005, 0.15742191580486775], "scale": [0.00021024878739011872, 0.000209564524917222, 0.0002103177691173594, 0.0002102452510853911, 3.8966426433854834e-07, 0.0002128151313260894, 0.00021451355832945417, 2.6711264564961033], "min": [-0.020127116416856067, -0.022159352864747052, -0.017715065692755185, -0.02012677788640449, -7.140207979739561e-06, -0.023096400572557827, -0.02443974421403304, 0.5795061558613156]}