{"feature_names": ["open_price", "high_price", "low_price", "close_price", "close_volume", "MA_12", "MA_72", "MA_288", "Percentage_return", "sin_time", "cos_time", "5m_volatility", "RSI_12", "volume_ratio", "is_ny_session"], "data_min": [1396.8, 1408.43, 1384.0, 1396.81, 506.986, 1417.6000000000001, 1438.6355555555556, 1464.6293055555554, -0.05751924777242601, -0.9999904807207345, -0.9999904807207345, 0.00032029964509752186, 7.250610091857887, 0.10058169190626128, 0.0], "data_max": [4090.87, 4109.99, 4084.01, 4090.88, 673489.413, 4074.4025, 4045.852361111111, 4009.9175694444443, 0.06107979260187224, 0.9999904807207345, 0.9999904807207345, 0.02853789141415734, 94.21801315475416, 9.955195818609493, 1.0], "scale": [0.0003711856039375369, 0.0003701565021691172, 0.0003703689986333384, 0.00037118560393753687, 1.4859229006287264e-06, 0.0003763922986371776, 0.00038355076488812227, 0.0003928828078875917, 8.431771427863183, 0.5000047596849415, 0.5000047596849415, 35.438885365706, 0.011498561124985915, 0.10147530762166339, 1.0], "min": [-0.5184720515799516, -0.5213395223500498, -0.5125906941085403, -0.5184757634359909, -0.0007533421076981555, -0.533573722548063, -0.551789767728582, -0.57542767408112, 0.48498914991972464, 0.5, 0.5, -0.011351062405287392, -0.08337158333466765, -0.010206558127295233, 0.0]}